"date_time","sex","age","firstname","lastname"
2022-02-11 10:42:00,"M",24,"Lindsey","Mullins"
2022-02-11 14:15:00,"F",58,"Carina","el-Hoque"
2022-02-11 09:50:00,"M",57,"Trusten","Villanueva"
2022-02-11 13:49:00,"F",29,"Monica","Smith"
2022-02-11 19:49:00,"F",35,"Katherine","Reed"
2022-02-11 11:08:00,"M",54,"Tiffanie","al-Matar"
2022-02-11 13:41:00,"F",31,"Jenelle","al-Khatib"
2022-02-11 11:22:00,"F",58,"Sara","Gilbert"
2022-02-11 16:21:00,"F",43,"Corey","Walker"
2022-02-11 13:44:00,"M",66,"Aishwarya","el-Ayub"
2022-02-11 20:21:00,"F",43,"Maazin","Mascotti"
2022-02-11 09:47:00,"F",41,"Kevin","Taylor"
2022-02-11 17:20:00,"M",64,"Cierra","Locks"
2022-02-11 17:30:00,"M",38,"Pierce","Harvie"
2022-02-11 13:54:00,"F",57,"Collin","Gallegos"
2022-02-11 17:55:00,"M",47,"Faisal","Galvan"
2022-02-11 20:32:00,"M",31,"Dhaakir","Brazill"
2022-02-11 12:33:00,"F",78,"Kaleb","Fuentes"
2022-02-11 14:38:00,"F",40,"Nadeera","Bacon-Maldonado"
2022-02-11 14:45:00,"F",47,"Zumruda","Breeden"
2022-02-11 20:14:00,"F",46,"Meranda","al-Mousa"
2022-02-11 09:42:00,"F",62,"Allison","Farrar"
2022-02-11 09:00:00,"F",66,"Naqiyya","Rapp"
2022-02-11 09:28:00,"M",51,"Huda","Lizcano Morales"
2022-02-11 18:49:00,"F",63,"Rebeca","Williams"
2022-02-11 19:27:00,"M",39,"Sean","Miller"
2022-02-11 12:52:00,"M",49,"Madison","Hobson"
2022-02-11 13:52:00,"M",56,"Nicholas","Hunter"
2022-02-11 18:32:00,"M",35,"Ruby","Hatcher"
2022-02-11 15:08:00,"F",27,"Francisco","Borja"
2022-02-11 16:30:00,"F",57,"Julia","Roy"
2022-02-11 10:25:00,"M",41,"Andi","Simpson"
2022-02-11 17:02:00,"F",37,"Natasha","Brown"
2022-02-11 14:26:00,"M",72,"Bradford","Jaramillo"
2022-02-11 19:21:00,"M",68,"Tabitha","al-Dawood"
2022-02-11 14:54:00,"M",44,"Eric","Garcia"
2022-02-11 09:48:00,"M",66,"Codie","Rodriguez"
2022-02-11 15:00:00,"M",61,"Reece","al-Shaheen"
2022-02-11 20:59:00,"F",48,"Junaid","Tolbert"
2022-02-11 13:01:00,"F",60,"Maleeha","Garcia"
